FIRST NAME,LAST NAME,EMAIL
JOAQUIN,BATINIC REY,jbatinic@itba.edu.ar
MANUEL,CORCOS,mcorcos@itba.edu.ar
NICOLAS,DE LEON,ndeleon@itba.edu.ar
MATIAS SANTIAGO,FRANCOIS,mfrancois@itba.edu.ar
ENRIQUE,IRIGOYEN,eirigoyen@itba.edu.ar
BRENDA ANTONELLA,MATTALONI VARONA,bmattaloni@itba.edu.ar
GINO,MINNUCCI,gminnucci@itba.edu.ar
MARÍA INÉS,QUIHILLALT,maquihillalt@itba.edu.ar
FRANCO,SCAPOLLA,fscapolla@itba.edu.ar
ALAN,VEKSELMAN,avekselman@itba.edu.ar
